{"cameraMode":{"drawMode":0,"name":"Shaded","section":"Shading Mode"},"sceneLighting":false,"audioPlay":false,"sceneViewState":{"m_AlwaysRefresh":false,"showFog":false,"showSkybox":false,"showFlares":false,"showImageEffects":false,"showParticleSystems":false,"showVisualEffectGraphs":true,"m_FxEnabled":true},"in2DMode":false,"pivot":{"x":0.40165090560913088,"y":-0.49929940700531008,"z":-2.3295881748199465},"rotation":{"x":-0.003924146294593811,"y":0.973548412322998,"z":-0.22763679921627046,"w":-0.015857070684432985},"size":2.361184597015381,"orthographic":false}